{
	"description": "ECharts 图表示例",
	"packOptions": {
		"ignore": [
			{
				"type": "file",
				"value": "img/*.png"
			}
		]
	},
	"cloudfunctionRoot": "sparkSQL/",
	"setting": {
		"urlCheck": true,
		"es6": true,
		"postcss": true,
		"minified": true,
		"newFeature": true,
		"nodeModules": true,
		"uglifyFileName": true
	},
	"compileType": "miniprogram",
	"libVersion": "2.4.1",
	"appid": "wx1e14c37856d27179",
	"projectname": "wx-echarts",
	"condition": {
		"search": {
			"current": -1,
			"list": []
		},
		"conversation": {
			"current": -1,
			"list": []
		},
		"miniprogram": {
			"current": -1,
			"list": []
		}
	}
}