[{
    "prod_name": "阿里巴巴",
    "title": "阿里巴巴大数据实践/大数据之路",
	  "img_src":"https://img.alicdn.com/imgextra/i2/1932014659/O1CN011kHrjzsXBN7zgZR_!!2-item_pic.png_430x430q90.jpg",
    "author": "阿里巴巴数据技术及产品部",
    "publishInfo": {
	  "press_name":"电子工业出版社",
	  "price":"79.00元",
      "year": 2018,
      "country": "china",
	  "is_suit":"是",
	  "ISBN":9787121314384
    }
},  
{
    "prod_name": "SparkSQL内核剖析",
    "title": "SparkSQL内核剖析",
	"img_src":"https://img.alicdn.com/imgextra/i1/1624826013/O1CN011uI00bkgzXCwRd8_!!0-item_pic.jpg_430x430q90.jpg",
    "author": "朱锋",
    "publishInfo": {
	  "press_name":"电子工业出版社",
	  "price":"69.00元",
      "year": 2018,
      "country": "china",
	  "is_suit":"否",
	  "ISBN":9787121343148
    }
},
{
    "prod_name": "hadoop数据集的存储和分析",
    "title": "hadoop数据集的存储和分析",
	"img_src":"https://img.alicdn.com/imgextra/i2/101450072/O1CN01Cwn7jc1CP0zOBfDnH_!!0-item_pic.jpg_430x430q90.jpg",
    "author": "汤姆*怀特(Tom White)",
    "publishInfo": {
	  "press_name":"清华大学出版社",
	  "price":"148.00元",
      "year": 2018,
      "country": "china",
	  "is_suit":"否",
	  "ISBN": 9787302465133
    }
}]
